{
  "overall_qty": 0.041666666666666664,
  "name_found_rate": 1.0,
  "qty_acc_when_found": 0.041666666666666664,
  "count_qty": 0.16666666666666666,
  "count_found": 1.0,
  "measured_qty": 0.0,
  "measured_found": 1.0,
  "n_total": 24,
  "n_count": 6,
  "n_measured": 18
}