{
  "overall_qty": 0.4,
  "name_found_rate": 0.7,
  "qty_acc_when_found": 0.5714285714285714,
  "count_qty": 0.3333333333333333,
  "count_found": 0.6666666666666666,
  "measured_qty": 0.5,
  "measured_found": 0.75,
  "n_total": 10,
  "n_count": 6,
  "n_measured": 4
}